,Inhalt
0,495.2544354917629
1,499.13481080105834
2,499.16046011099075
3,497.8128818396751
4,496.2933612146003
5,497.99541518330733
6,498.4240759855127
7,497.4719641669763
8,497.1563620464114
9,497.6936065790947
10,496.7858356657853
11,498.6968540886331
12,497.6072337152932
13,494.2948544410951
14,498.1102990774201
15,498.26368043003333
16,498.28781401810414
17,498.82821130064866
18,497.6061791223856
19,497.77501077557656
20,499.5504935573022
21,497.1143412057722
22,497.52508564880947
23,497.7580483154577
24,498.7878412297481
25,496.7752197400085
26,497.32525433231615
27,498.4138695734527
28,494.80872343649173
29,498.32564113642184
30,498.6587680471969
31,498.89807078739904
32,500.22610115114617
33,496.6298654679835
34,499.26443180607185
35,495.7659447477395
36,495.98979338130397
37,498.22930395342706
38,498.78820009819765
39,498.0349985310411
40,498.2019136034018
41,498.29088821474784
42,498.2304718422375
43,499.01152253802354
44,498.11674824173053
45,498.2634631802083
46,498.7660083801589
47,498.09273451228773
48,498.2020227819582
49,495.4639687782911
50,498.48880159219067
51,497.6673084437454
52,496.7880991415132
53,497.6060314308515
54,497.22666409571735
55,497.61406146109437
56,498.09649548882925
57,499.12736211372834
58,496.97606956923477
59,498.67586199568575
60,499.3330782638126
61,498.26237726309677
62,497.6139314489838
63,498.6484887332281
64,498.7012503292914
65,497.72708754384905
66,497.34040778833815
67,498.99489932624095
68,498.7477274703038
69,498.19587942965967
70,498.21522824780817
71,499.15998140437216
72,498.32448820298913
73,499.05926230350974
74,499.00073471735965
75,500.94062980738335
76,496.7166399804852
77,497.4197271329143
78,495.4821951405469
79,498.26663765868716
80,499.7692779323558
81,497.46906709987405
82,497.98251113724774
83,496.6558203033906
84,497.8856294927221
85,496.0734852037966
86,495.3929090996504
87,500.1497478588373
88,500.0206358678781
89,497.22026567347643
90,497.68266372187225
91,496.5278974777679
92,496.9857477963329
93,495.87478944424646
94,499.892629416884
95,498.4506398086833
96,498.2042793120185
97,495.29787450074633
98,497.3128577113076
99,499.8068124075755
100,495.34622231763643
101,497.613656520487
102,499.2355415043922
103,494.37616764682394
104,496.5455140662975
105,496.51797140687574
106,499.0614549419617
107,499.4219616480844
108,497.3940200005838
109,498.96665092562796
110,497.35151354444594
111,498.5329929029124
112,497.342764236221
113,499.4488564728667
114,498.3839785616998
115,497.5410150597493
116,499.25871782588274
117,497.0446923498692
118,498.14280687636773
119,497.6106687135556
120,498.62021643330945
121,498.80454636459734
122,498.7620496136891
123,497.2763971994388
124,499.2720604743911
125,497.9259404634951
126,499.78951731682287
127,497.10957543805137
128,497.87285494453937
129,498.7165021363868
130,500.25997517296554
131,500.14413950885944
132,498.563260943661
133,497.9499415162474
134,496.8118071195596
135,498.97516509112864
136,500.93000960291414
137,496.9993599082643
138,496.6322841666727
139,500.2130840660538
140,497.6863614055855
141,498.43208458513857
142,499.10611468533676
143,497.8793143582943
144,498.55300807117953
145,498.48012599219004
146,496.00550514903944
147,499.31735958267876
148,498.49427111915134
149,496.66809770101963
150,496.84677364575623
151,497.999500352424
152,496.2329248408368
153,497.8637930106161
154,496.28298027845756
155,498.61548306195874
156,497.2489806168094
157,498.43684754637223
158,499.52439920601597
159,498.3390349007482
160,499.07212751500253
161,500.81775463053583
162,500.5167842566822
163,498.8048253018785
164,497.6301256217051
165,495.963405748402
166,498.91853482279964
167,496.6317336763757
168,497.9612592656082
169,498.2773057520026
170,497.1944393843179
171,497.82957405401174
172,498.30527115620333
173,496.5428064981191
174,497.9249142792119
175,497.3453066467995
176,497.2923718018489
177,499.1001799197269
178,499.1608180519786
179,498.7526133811152
180,496.07503380038787
181,496.74276164173955
182,495.27159867190016
183,496.5700403743769
184,497.93756410330957
185,497.21768076596646
186,496.19605974516264
187,499.97107268275846
188,497.4517720118962
189,495.6461667825386
190,498.6430004667889
191,499.8564906535593
192,496.1237473449094
193,498.6011063738537
194,499.06601561870684
195,498.86321574819044
196,497.69834725825507
197,498.72163034074845
198,496.74564119274345
199,498.4414358557201
200,498.7390538106813
201,499.2937974591686
202,498.9541688646568
203,498.58757266611957
204,497.5862634132325
205,498.79367344106424
206,497.54655461350006
207,496.3236408010062
208,498.50296678493635
209,498.3093669247103
210,495.3373561882232
211,497.91871355148805
212,499.3010126591494
213,496.0286792215425
214,495.3922151237383
215,497.9100507405299
216,497.3380457715003
217,498.28195364488494
218,497.92796007253094
219,498.9864654356844
220,497.9535708585863
221,499.74806418161734
222,498.7557015107501
223,500.62340105333345
224,498.41455496424294
225,497.9627420271392
226,498.85665282735914
227,495.57787597911687
228,499.2637739036768
229,497.6708299862198
230,497.41854402772515
231,498.38314183735673
232,498.25946963505004
233,499.8085349714588
234,496.6521961686413
235,498.887298401732
236,498.4823827904324
237,499.09003391097053
238,498.5270347609538
239,498.7381011834939
240,498.2789280413111
241,497.53991349897956
242,498.3746993614283
243,497.47641623254975
244,498.3941394755766
245,499.09630526607594
246,497.38639240021564
247,496.7100393071094
248,498.77885778541355
249,496.9367275480902
250,498.86875701370894
251,499.9352568110834
252,497.1568021097019
253,498.60117597252037
254,498.8196954107524
255,498.2100730757338
256,496.0732987748123
257,497.3376809873357
258,495.94386653801257
259,497.6712607665321
260,498.7346721914294
261,498.9950713140835
262,499.6855239191067
263,498.85943124941105
264,496.50597544942707
265,497.4037502359608
266,497.57384402227314
267,497.0745059396585
268,499.12624793342627
269,497.9386335688217
270,497.5882674106509
271,498.35207178665974
272,496.70955216945725
273,499.44095005565015
274,497.7449724895178
275,497.5167724820893
276,496.4937180840886
277,497.7949886341536
278,497.75585929098105
279,495.6822250085212
280,496.75646441905883
281,498.9917639945765
282,499.3407706099243
283,498.5421960761947
284,499.6920058262465
285,500.89265919260913
286,498.1079754048312
287,498.7691919841968
288,498.2580008098171
289,497.158994355857
290,495.68017775210194
291,496.620253923464
292,496.954870075524
293,496.8131148377344
294,498.06077880907264
295,498.1573900445943
296,496.1857013809818
297,499.11393285102355
298,496.96381201444956
299,499.04454983362047
300,500.7952807974802
301,498.6218690739344
302,496.7337217981329
303,498.45877452094567
304,498.96124132521345
305,496.2888004132946
306,497.96101138027535
307,496.37703032967903
308,498.5141777008572
309,497.9267019517924
310,498.2675263415189
311,496.99979362054273
312,498.49549386750937
313,498.1482813223807
314,499.8079476703526
315,501.047142420643
316,499.21676853354
317,498.75520386781096
318,499.8771358665703
319,497.31438363562137
320,496.9749593995853
321,497.39524252556345
322,498.40423868202276
323,497.5395275411291
324,497.8483695851041
325,498.6931989794152
326,497.65718440872126
327,497.6395522534157
328,499.82965948085416
329,495.3216797198006
330,500.2541364623409
331,498.7178828238897
332,497.12311875885797
333,497.035387312291
334,499.940464504747
335,498.9190853341926
336,498.77399745721493
337,499.3459670213058
338,499.20873023310673
339,496.9030109667347
340,498.2757001627607
341,497.4812779979827
342,497.84470595539614
343,497.6376803442371
344,497.43390301599834
345,497.1153226729903
346,496.26342923291816
347,497.6756421937015
348,499.59855186732244
349,497.1634011170509
350,497.96401202801576
351,501.3875151170733
352,497.5706667084139
353,497.5492425322435
354,495.4217584698787
355,496.25374943805406
356,499.9181950421122
357,494.1427216707661
358,497.6339210432374
359,498.5420454586909
360,497.05524404097247
361,496.05658967348273
362,498.2885207271693
363,498.6273367775476
364,498.9512206543502
365,499.85613694732046
366,498.8732002266643
367,497.7352086701504
368,498.98124136364436
369,498.50909015090826
370,497.692210068397
371,497.6947394546195
372,498.33246680069306
373,496.5132744882588
374,497.60624205951984
375,496.90602577239525
376,496.92527575929375
377,496.7656205523731
378,499.048193050701
379,496.9639562355053
380,497.11798477362674
381,499.5236211362149
382,498.1922385464177
383,496.8568891833046
384,495.60837597434875
385,497.1804013046925
386,498.3568428244221
387,497.90226695123727
388,499.36285410075357
389,496.84208095599206
390,497.6856722835818
391,498.11162728456804
392,497.70306783844916
393,497.99123465379813
394,496.43444576863635
395,500.6142902566359
396,499.110317727563
397,498.7978592776986
398,498.6288203105816
399,499.04279756382186
400,497.8859564834604
401,497.7515670983825
402,499.12428956127314
403,497.1325177436542
404,496.89825989594146
405,497.5814510273347
406,497.4124636970479
407,497.2975908406279
408,499.4350991733986
409,498.53441715238546
410,497.4952756777599
411,499.3544776922887
412,497.32170289281436
413,499.80922629627383
414,497.16880239737526
415,499.260469851743
416,498.46106357426396
417,497.81438269670736
418,498.0069500793976
419,497.66721281497144
420,498.29200639283533
421,496.9416256814809
422,497.36875122579295
423,498.3744255851217
424,496.61826147621053
425,498.289484350081
426,499.5450882301059
427,499.64645217228957
428,498.6034606766854
429,497.37860145959854
430,499.97549280591693
431,498.0997848445949
432,499.0008235721112
433,497.52069948242394
434,499.3454345371683
435,497.50027283884646
436,498.3268547507632
437,498.24832818046195
438,497.1858114971408
439,498.96392957262077
440,496.8683871979117
441,497.95951522897315
442,497.58566861009956
443,499.7612427545807
444,497.3446357833375
445,497.75606008677676
446,498.0699200448826
447,498.6260703298955
448,498.08908457721475
449,499.32532443208055
450,495.01906940687604
451,500.5324386631864
452,497.9016216687118
453,498.19662879070586
454,497.54827120455116
455,497.9192839810633
456,497.1428756285301
457,498.7984454258746
458,499.0924848555389
459,497.23772378665035
460,495.4006455757845
461,498.2031721233606
462,496.6982623925015
463,497.2192460144462
464,498.7735743862695
465,497.7664064585351
466,499.2203723035041
467,496.7500702292977
468,497.69713216619505
469,499.55221639266676
470,498.6224941110495
471,498.585640237632
472,497.43897586167753
473,500.4085882334046
474,497.6540499498305
475,496.45927689568435
476,495.61857668390314
477,500.41437343612483
478,497.15496143933143
479,497.6026755157103
480,497.0054911838037
481,495.81585124074246
482,499.6445810228683
483,499.1927711227723
484,496.69944354192364
485,498.69340561101785
486,498.54369247780016
487,498.9096953790831
488,497.16310053901367
489,497.263944783875
490,499.33771644782087
491,500.91636655630055
492,497.751912566424
493,498.45001584711207
494,497.1529434807775
495,496.4413671043443
496,499.4625868614585
497,498.51654748743033
498,498.1696458723286
499,498.6842622979164
500,498.8943003370677
501,499.2187612640962
502,496.3567613932301
503,497.91063192177387
504,500.19550155192155
505,498.60160655004506
506,497.1617788948182
507,497.64116268361516
508,497.78635688976976
509,497.3979477949861
510,497.79422647365215
511,497.7135922740656
512,498.23868830999817
513,497.9657359731174
514,499.1996212178343
515,498.3494110492289
516,496.7562626028976
517,498.4713996888854
518,498.8653193566287
519,497.1123744070542
520,498.3344444800263
521,499.66247694345196
522,496.07985710756554
523,497.1897042611941
524,498.05806484082945
525,496.25799248396584
526,498.79654478975795
527,498.8317399523462
528,497.25144745179136
529,497.76543048789387
530,500.578974903719
531,497.48576235759106
532,498.814443732922
533,499.1118393299177
534,499.9161222427663
535,500.372393256179
536,498.4549091902472
537,498.148284797722
538,500.3816458168948
539,500.7443369673067
540,496.6076276391664
541,498.61732412240525
542,497.0253060181023
543,496.75982241153343
544,498.1794438334781
545,498.9451747155257
546,497.92249995599354
547,498.8179670610071
548,499.38553571151675
549,497.62156156902023
550,494.33759263485535
551,497.5147353748391
552,498.0024794615534
553,496.4435682010741
554,497.07207140776853
555,499.87020697432826
556,497.7965664248801
557,498.2993663055374
558,497.11720344156447
559,497.72771889875406
560,497.5722615479241
561,499.0933356055535
562,497.59779097079456
563,499.17789846543843
564,498.11987858675263
565,498.0622876614816
566,496.55258752834936
567,497.8908872641516
568,499.97337459350695
569,498.4696227015905
570,498.92121235013576
571,498.0517312637178
572,497.99539881404866
573,496.5515098054607
574,497.00329162857594
575,495.93344298846256
576,498.88867852919964
577,498.37322078833944
578,497.22661313059456
579,498.66645566461756
580,498.6712823748427
581,494.9615723497747
582,496.6751832317696
583,498.9738715866745
584,499.2999434418478
585,498.2291629695213
586,496.7296224371486
587,497.48591373623844
588,495.82734761161583
589,499.1797974662062
590,497.4954266929373
591,497.6730839882671
592,497.9257987118755
593,499.46535160099677
594,496.41902736972474
595,499.5255842792106
596,499.2270060149825
597,499.87736460580294
598,499.85969353922377
599,499.872987383591
600,497.17450413204193
601,500.15138126671354
602,499.02755011456696
603,498.81709410395894
604,499.17230863626185
605,495.7739952189366
606,497.1647750480634
607,499.7563165259159
608,498.1550887300797
609,497.622143490104
610,499.31929668779946
611,501.7510351744761
612,496.5399332042034
613,499.74647597171315
614,501.5336084959991
615,497.97239681883303
616,497.5197931339014
617,497.25010088445157
618,497.1258834329494
619,496.9696967632324
620,498.2325699029634
621,499.132085834629
622,497.1383123584915
623,497.22775192499
624,497.85272467551556
625,500.0190385731036
626,497.2633433572546
627,496.70001934770715
628,496.33341572854704
629,496.71646110056196
630,498.5713975967578
631,498.5577464274828
632,498.5507114452914
633,498.4427122788775
634,498.916819476034
635,498.12260577108896
636,498.05970835845113
637,499.10583321812436
638,497.3731847342224
639,498.48741718680947
640,497.9450608734616
641,496.6673440641703
642,495.21084125809494
643,499.41179256210654
644,500.2177610206663
645,499.44082998469923
646,497.7754978978464
647,496.25481536901964
648,494.8703644856732
649,497.42578608541055
650,497.4065071106952
651,498.7606627553758
652,497.64122319830875
653,496.5833619997458
654,498.13735795335185
655,498.40734356417636
656,498.64451032957226
657,500.006721960764
658,497.77189586012537
659,497.09707005460433
660,498.63347225774226
661,500.4273931432223
662,497.3948188701938
663,496.69392049426614
664,498.979374278886
665,499.01910722056317
666,497.4127762544097
667,498.35712413626624
668,497.2738074155406
669,497.7776495037267
670,496.87301985317407
671,499.84996471941395
672,498.1208486511337
673,498.6980093946785
674,497.53653681168316
675,497.922440046022
676,497.65222254160926
677,497.1096308266113
678,497.631268858017
679,497.6298019326096
680,498.6927638300163
681,496.5058798309438
682,497.10656643654244
683,498.39186721421737
684,498.9358236195116
685,498.23575175211226
686,499.65650451551187
687,498.3212278784088
688,500.6189212679686
689,499.2872211989751
690,500.13782664549626
691,500.11947980025616
692,498.4676476567523
693,498.9610743312117
694,498.95544587015695
695,498.54249894503306
696,498.64973548453355
697,495.34057637981715
698,496.6974531313242
699,497.65406169018735
700,498.4821953208093
701,498.29722966222613
702,498.4338418172528
703,498.5341325466581
704,495.030386076226
705,498.12947727448073
706,497.3562568527436
707,498.8789238390995
708,497.6731541943045
709,497.3116222086543
710,498.883659596518
711,497.1086874598512
712,496.21623852661605
713,498.1909490289416
714,498.3506644187457
715,496.09778221318527
716,497.24703759060424
717,497.7831817455335
718,498.20468191941114
719,498.4437140152099
720,498.76711802547186
721,497.2354601611714
722,497.40971445293553
723,498.36817708237385
724,496.52588873660187
725,495.4760715467823
726,497.7846123037617
727,498.43967297978105
728,500.6190576536034
729,498.0799270199415
730,497.1360441600033
731,499.1902595432894
732,497.41898714472586
733,496.2233646192723
734,499.2699713512058
735,496.87637078938405
736,496.109416824629
737,499.8646504713967
738,497.70697996396194
739,496.8988192196431
740,497.12582335171186
741,497.8518921746583
742,499.4317117025669
743,498.30314213179355
744,497.4012926978233
745,499.64934852873006
746,499.23628290124014
747,498.69334678087466
748,496.05328629263965
749,498.0843377274133
750,497.22846417397716
751,497.82307899302356
752,498.71427420631005
753,499.1047176680922
754,496.6353077838512
755,496.0067605669028
756,498.3093719706671
757,497.29802971649116
758,498.4613676176842
759,498.8595538465038
760,497.61311117697437
761,499.3785780129783
762,498.427016438115
763,496.84442939010165
764,496.85253100312013
765,498.3045892630599
766,496.0833675235719
767,498.5310979046813
768,497.1420127797183
769,497.58628143160115
770,498.4718192664834
771,498.2833035402669
772,499.05646973080127
773,496.6945897853203
774,497.89696960043545
775,497.89748886114864
776,498.6305398472005
777,499.3210135643634
778,497.5378563212022
779,496.864503764714
780,498.57080114981636
781,497.1162087388706
782,497.84348283162814
783,496.9902105273543
784,495.3997119216081
785,499.75601475360816
786,500.28522346495805
787,498.1681106536405
788,499.76240211145466
789,497.5033462120759
790,497.397466893858
791,496.8272214566856
792,498.47499227000543
793,498.5667239679588
794,498.7038287410041
795,499.91536999110195
796,499.22923070411036
797,498.33580375617436
798,498.9094697266245
799,497.02985106501865
800,499.08009002534
801,498.1433891788414
802,498.1587919893219
803,498.0921220910152
804,497.3474076744043
805,499.39251690413676
806,498.64540497412116
807,496.2437508468027
808,498.83715429975945
809,499.5495057857532
810,497.0406799978424
811,498.1336763921611
812,497.6436629827463
813,497.03945866660877
814,496.12040330053264
815,498.72354257987814
816,498.39393492322245
817,498.16334331415754
818,497.55660483389244
819,498.33220860889634
820,495.70280591396045
821,498.84204128157154
822,499.86274945504175
823,497.5894065326845
824,498.20756222756995
825,496.5066690221257
826,496.53568748755134
827,498.67220225725265
828,498.5010195088945
829,497.33531339326294
830,498.8417555503898
831,495.53114232152933
832,496.296087837252
833,498.3502060598891
834,496.7467713230588
835,498.20552088676175
836,497.1044701632072
837,498.6809496940054
838,498.1108178659579
839,496.9638450471331
840,495.4714229115749
841,499.14057826008116
842,498.9839254605617
843,499.7919903305669
844,498.7141814198638
845,498.3792217040732
846,497.93546196113294
847,498.89784113842705
848,499.4564184182676
849,499.9570145408584
850,497.0934820162422
851,498.6168828378212
852,500.0955070403482
853,496.0301255091143
854,498.7731795302746
855,497.6040310572369
856,498.33883409964596
857,499.7096029270248
858,498.8623855821203
859,498.646600735888
860,497.6459152898569
861,497.88818652893093
862,499.67599154748336
863,500.2240950384657
864,498.28725669524914
865,499.31649936093
866,497.642987111207
867,499.1740584052809
868,497.5832398614931
869,497.8171793377155
870,498.2896133417822
871,496.85881530486466
872,497.98922010257087
873,497.2998188933061
874,498.8542913900778
875,497.1579048882993
876,496.6185770266421
877,496.3411684372768
878,499.83641328010617
879,499.53321049574004
880,499.6830517426152
881,500.1506322310445
882,496.79226633896315
883,498.3870059245498
884,496.8567866209326
885,494.4214023011641
886,498.4562515405044
887,497.6998884387378
888,496.56607694349015
889,496.3563873771307
890,497.7352782930035
891,496.27344906742377
892,498.13606907623193
893,497.1706600013116
894,496.2031796291732
895,496.7197275464373
896,498.3983861332195
897,498.727173134674
898,497.03653755261763
899,497.523381185276
900,498.3000740328247
901,497.7796233895036
902,500.46620532045546
903,496.81223362607443
904,498.14207575705444
905,497.64095270261095
906,496.74760881146733
907,497.9002964374263
908,497.7654019673474
909,498.79942347724887
910,498.4671266588143
911,498.06280874328195
912,498.67921482591504
913,498.75379324255596
914,497.42425756317493
915,497.9388176377525
916,498.21428181658894
917,497.8384889812038
918,498.6379963200976
919,497.8495565355856
920,497.8458162784901
921,497.13585783421405
922,499.679470719999
923,498.3312188818796
924,496.83689291200795
925,498.0543366425379
926,498.81747693604103
927,499.95100960664854
928,497.9480858329891
929,498.0768022947588
930,498.71061550045266
931,497.51991433683236
932,497.29105724112816
933,498.9232474652396
934,497.47372973383426
935,497.751976446803
936,496.9511996690119
937,496.70804654115676
938,499.9421159044885
939,499.4197601868596
940,499.7949373543972
941,498.4755787379862
942,497.65250116023753
943,496.4890723850245
944,498.0312240677522
945,497.5260279618113
946,498.47326729725916
947,497.345881475384
948,498.7694586922506
949,497.61099534420856
950,497.4842696299916
951,495.69477673521965
952,497.4536996770468
953,495.78249167980744
954,498.3817831353924
955,497.7081059792148
956,499.5041535252991
957,501.2157110798372
958,499.48953157959517
959,499.4125134677391
960,499.0098757434111
961,498.1380751431537
962,496.9164562419203
963,496.7910514469541
964,497.77854275857425
965,498.36812403088516
966,496.91744333971616
967,495.8098388990558
968,497.0324931080487
969,500.2677314229542
970,500.79170518918994
971,497.29409298838794
972,497.56642811112846
973,498.05782540742655
974,497.52122772151625
975,496.46107974877225
976,498.49424178116436
977,499.35396931695084
978,497.24072589072574
979,496.95015422598277
980,498.1590109752275
981,498.2583371093768
982,498.3268572514452
983,499.99104110524326
984,498.49180435981003
985,499.79246897091707
986,499.8911028362057
987,498.34528727126684
988,499.63246923239296
989,497.5576323100314
990,497.8692547564678
991,498.34875404308036
992,496.19722599168176
993,496.71460972444686
994,499.2491647302126
995,498.6893468000793
996,498.4881755026584
997,499.87730224020953
998,495.9744786757813
999,497.80979151215485
1000,499.96421199068135
1001,502.0644613348456
1002,500.8223548699245
1003,502.6727180225044
1004,501.57727850811676
1005,501.5755618215699
1006,500.72911539016263
1007,502.6185077962927
1008,502.2494945124385
1009,502.5166130733033
1010,502.95807245192793
1011,500.74810825546786
1012,506.1575833789247
1013,501.3318075618508
1014,501.32937059432163
1015,502.19777413933906
1016,500.2840694864075
1017,501.89278999984805
1018,502.3506416218952
1019,501.5972598120168
1020,501.8205153387625
1021,501.8762706486409
1022,503.577331988439
1023,502.19004581925
1024,500.45801955392034
1025,502.1816969215506
1026,500.57995270038583
1027,503.4003087164388
1028,501.4624559027394
1029,505.0090412426055
1030,501.94693422888395
1031,500.9355472192518
1032,501.5993596235534
1033,500.8298800478154
1034,501.68564081437296
1035,498.6560058740057
1036,502.20781564700735
1037,502.9409783631109
1038,502.8597712925451
1039,502.0346053238699
1040,503.35829016227996
1041,501.3866001148492
1042,503.79799133102745
1043,500.977998284255
1044,504.6473624284876
1045,504.59784021631594
1046,502.31851480077535
1047,502.36644357167205
1048,501.90999231158224
1049,501.49693171621175
1050,502.9427981458235
1051,500.5837039755285
1052,502.09460833780923
1053,501.7577879098534
1054,501.54236376807427
1055,500.04777525563355
1056,500.2240862304052
1057,500.9132399611397
1058,502.28469780779056
1059,503.5811103201101
1060,501.95500916348124
1061,505.5231409395522
1062,502.8886106274999
1063,503.0173682652844
1064,500.9282432125707
1065,503.82945739947684
1066,502.1842636555352
1067,502.8525210927914
1068,502.77562486873705
1069,499.5303875244742
1070,502.7551090499766
1071,503.24244367411217
1072,502.73163777592384
1073,502.83591394651
1074,501.30872897754875
1075,502.4904706217773
1076,501.1142966424154
1077,501.08832989734464
1078,502.25929448371085
1079,500.9346548410205
1080,502.2270072977731
1081,501.16745835379436
1082,502.6721633261122
1083,500.6808419573378
1084,501.520597290299
1085,502.5550237062381
1086,503.75999814060197
1087,502.37507460546533
1088,505.19470379218507
1089,503.156857562003
1090,499.32897895666866
1091,500.8715200475276
1092,502.52716498918056
1093,505.2420741333194
1094,500.65052041769866
1095,503.0435861384026
1096,499.6548692867912
1097,503.17334074951
1098,502.49968721095934
1099,501.66781302462107
1100,499.5074584960535
1101,500.73370388393374
1102,500.77698470087836
1103,502.84977574686764
1104,502.70952194092587
1105,499.8350239298177
1106,501.41452070551003
1107,500.9711699479602
1108,503.1985856059546
1109,505.3219693165689
1110,501.76187051456037
1111,500.90290220957706
1112,502.081854009037
1113,499.40493637822965
1114,501.71118177980634
1115,501.9530062797989
1116,499.01278180289705
1117,501.1339659203932
1118,499.61827454420035
1119,501.073605451943
1120,502.07648173192985
1121,502.20448527227023
1122,502.8795749605104
1123,502.42700097423824
1124,500.48930830076495
1125,502.64025227964277
1126,503.2529985073418
1127,504.37975689339333
1128,502.7000538636344
1129,498.9937576752951
1130,502.873552525112
1131,503.26929036266154
1132,500.07217001835966
1133,501.62456204329527
1134,501.59252934574124
1135,501.49794537901266
1136,504.7265180824786
1137,500.44462072130324
1138,503.3089657532407
1139,500.5791171879026
1140,501.84045812735957
1141,503.785963325399
1142,498.5539158495354
1143,502.8489117462902
1144,503.1461257184701
1145,504.4203095640289
1146,499.95269040558884
1147,502.6981972688255
1148,502.73683516112084
1149,500.9452163174262
1150,501.7702031395695
1151,501.9012737421044
1152,504.3832343702279
1153,504.2768889123055
1154,502.8072307298688
1155,501.89745207276474
1156,499.7648708590394
1157,503.5192093749503
1158,503.1991421707504
1159,501.5017061109164
1160,505.20369931767664
1161,500.65554646664094
1162,499.2253786863354
1163,501.47461685927817
1164,503.54804630596016
1165,499.81865435674354
1166,504.7299279456647
1167,500.6874087624198
1168,503.3819974486273
1169,504.039672241396
1170,502.26732781722734
1171,501.0875820474325
1172,502.88046912558985
1173,500.2101958912123
1174,498.90997186052107
1175,500.94841953348134
1176,503.0424592172837
1177,503.50958928108105
1178,501.49897352485397
1179,504.1371686528514
1180,501.36130653160484
1181,502.37598699122873
1182,499.6815470735214
1183,501.9950484707887
1184,501.05454461629466
1185,501.7881569539198
1186,501.63936034563454
1187,500.2767905698453
1188,500.1256390438572
1189,500.76025930159324
1190,501.0441202585397
1191,501.84915563212826
1192,500.79460712759544
1193,501.23216163961047
1194,503.91159867751816
1195,503.63906848268954
1196,501.72274689928787
1197,500.7765917414577
1198,503.9462487333712
1199,501.2257901199136
1200,503.271615853231
1201,501.5555512620806
1202,499.39114257088386
1203,502.38726081216697
1204,497.78205660903006
1205,502.40296764050197
1206,500.85995446692425
1207,503.14940424117736
1208,502.30521623398704
1209,501.0972326530793
1210,502.356517145863
1211,503.4928506644461
1212,499.6324246640184
1213,504.1361324872909
1214,502.404816794354
1215,503.05547730741426
1216,503.15346809919396
1217,506.2159809802485
1218,502.3226179651499
1219,504.1531810840779
1220,501.4637368772871
1221,502.5205377465763
1222,500.66307346086404
1223,499.68963693857745
1224,499.61347195940067
1225,501.2123078316579
1226,499.4941730556749
1227,503.63980420817967
1228,503.94760599928884
1229,501.56337306964195
1230,502.8168600406156
1231,504.75063916323353
1232,500.3602875367614
1233,500.4827440123945
1234,498.4539211902915
1235,503.2846019388485
1236,502.8842837818219
1237,503.4188916146962
1238,501.2836009518253
1239,500.6276406053599
1240,500.5638895008469
1241,501.6903412264295
1242,501.30200971141187
1243,501.3730666061844
1244,504.58017783169566
1245,503.4354733042426
1246,501.5967542018875
1247,503.87780091783515
1248,501.9973245132837
1249,499.246904845955
1250,501.9091372291139
1251,506.23319413714694
1252,500.98881316732167
1253,502.1324079817455
1254,500.58330163957015
1255,503.66804012361337
1256,501.36312681538925
1257,501.39215348172763
1258,503.74214413112065
1259,500.5396161209998
1260,502.13304203655207
1261,497.4276879565523
1262,501.75281007743143
1263,503.75785865848763
1264,502.29392585019247
1265,504.4130862580415
1266,498.4747011424893
1267,501.4112215582376
1268,500.950994601554
1269,503.1247835856243
1270,500.3923685474484
1271,500.89580314396363
1272,501.5765506952041
1273,502.5676238458205
1274,502.40100325322527
1275,502.5956294147058
1276,500.61036725756816
1277,504.20169093823546
1278,501.78717648049127
1279,500.60915165511744
1280,501.4365772367365
1281,501.0147822112617
1282,503.53799816640264
1283,502.8405121817898
1284,500.64070121426556
1285,501.8879832770289
1286,501.6753881849575
1287,501.0946431295953
1288,502.0470243916737
1289,499.44904127375935
1290,502.01320162666843
1291,500.66523261230475
1292,504.4478645403729
1293,500.3060865497433
1294,502.0987803295271
1295,501.0415603648614
1296,502.80681757361504
1297,499.3067022691433
1298,498.9971734543677
1299,502.3646772467308
1300,498.9645901278018
1301,502.84631271064416
1302,503.7914912344252
1303,501.7421770955721
1304,501.89633237950255
1305,503.939095373071
1306,501.8123755042033
1307,503.6260161455005
1308,502.0673102373903
1309,504.6107948984263
1310,498.3965703508689
1311,500.37228068411645
1312,502.54991330394836
1313,501.82647680135824
1314,502.4319747495843
1315,500.8807827722698
1316,502.5797175165739
1317,498.49293926854455
1318,500.70095245588993
1319,500.1631804084962
1320,500.47370072094407
1321,503.95345627901986
1322,501.7605375117314
1323,504.61451783224726
1324,499.6437843791864
1325,503.56496047731633
1326,501.23171192249947
1327,501.14304067630303
1328,504.1185106168777
1329,501.5923323590392
1330,499.40314202963134
1331,502.1038457196586
1332,501.90318662039607
1333,502.0070924694911
1334,503.52676064465913
1335,499.0332336769908
1336,500.091175024584
1337,502.3814316954351
1338,499.9440821633733
1339,503.2532341996026
1340,500.5638677514513
1341,502.5228128442746
1342,499.744400806216
1343,503.6620751297089
1344,502.18506673364277
1345,501.3500460190677
1346,502.7495553899321
1347,500.8212023480138
1348,501.7104242523171
1349,503.3268548407765
1350,499.5232353781836
1351,501.2342907497627
1352,502.464295179134
1353,503.74778829458705
1354,502.915566607232
1355,502.28778320366325
1356,502.18333351288413
1357,500.7713378527736
1358,504.02093211108826
1359,500.0231747799644
1360,500.1243294788942
1361,503.6412889039363
1362,504.3512066858278
1363,500.1042155931824
1364,501.8698009594608
1365,502.0035288892798
1366,503.2447864279687
1367,498.8579767459326
1368,503.38112516464116
1369,504.19231303784085
1370,500.30349538534085
1371,501.45363610790224
1372,503.17248088640025
1373,502.6395888716516
1374,500.55099004056916
1375,504.32793167828527
1376,501.70023751855126
1377,502.09444351225375
1378,502.6572274855309
1379,502.0243698473215
1380,503.90747951712615
1381,501.6591554589903
1382,501.7921126032355
1383,502.198419982894
1384,501.7063110116306
1385,501.9609633269229
1386,502.8490217342874
1387,502.66727024025477
1388,500.60301847351275
1389,502.617628381887
1390,502.292322703559
1391,500.47578077321157
1392,500.72806600049444
1393,503.84634461822736
1394,500.3419814804754
1395,500.31476435509296
1396,502.5848327638739
1397,503.00701973121954
1398,501.5256473412888
1399,504.3366774829702
1400,501.9277157316202
1401,499.95324098652833
1402,500.3689554171531
1403,503.660713370655
1404,501.8256876322922
1405,499.8214995094295
1406,501.5037510678021
1407,501.8752633552811
1408,502.20312173114024
1409,503.6880411238906
1410,503.4850488864582
1411,503.1095087486869
1412,501.815838362995
1413,502.06598639167936
1414,504.03236463903824
1415,499.4832920450126
1416,497.60972581355344
1417,503.6120123877492
1418,503.25848356077256
1419,502.5312664404361
1420,502.63734519646107
1421,503.3675592466785
1422,500.87583545641706
1423,503.5920211505367
1424,502.98901617390675
1425,500.74725945605303
1426,500.871340396232
1427,499.3017235968732
1428,502.17996547170486
1429,502.57867828144623
1430,502.03396591361536
1431,502.83744210451266
1432,500.82582621481214
1433,503.68612146860426
1434,502.0004252569291
1435,501.4803147028678
1436,504.7767075671543
1437,502.58546491226315
1438,499.6375679020198
1439,499.1190690144066
1440,502.06453178915757
1441,501.9310422270189
1442,502.78221280850767
1443,503.63790993598604
1444,500.14010167057177
1445,498.35304493029173
1446,503.45134204192686
1447,501.4622957410882
1448,503.461881010826
1449,501.08123273036034
1450,502.20830521552347
1451,506.4072959014252
1452,503.2276827972827
1453,503.3043027204782
1454,502.2378500808512
1455,503.7064978707261
1456,502.0888320482796
1457,503.8932186867611
1458,500.7034228507429
1459,497.74717235364506
1460,503.7656945248196
1461,501.77837647861054
1462,503.25300404267574
1463,501.27251577089135
1464,502.4810974965536
1465,504.3238824481002
1466,500.7696284182631
1467,501.45523618449647
1468,501.3537608010454
1469,500.52063164316866
1470,504.89423141977755
1471,503.85796250619336
1472,503.49716592553295
1473,501.95804838199354
1474,499.0286880741568
1475,502.6932859152834
1476,500.8692347639031
1477,500.91525766957534
1478,501.9877393768454
1479,503.1350125743806
1480,500.42903947785607
1481,503.57099618064206
1482,500.95319739512377
1483,499.7213745459297
1484,501.9670026579147
1485,504.28805234712667
1486,502.1759579303237
1487,503.8566733416471
1488,499.2489368155335
1489,501.30363636039726
1490,500.68560630545875
1491,499.78914669770074
1492,500.92524675621274
1493,502.2499468778131
1494,504.59653000384196
1495,501.3747664302433
1496,501.2593218453417
1497,503.63850359087195
1498,497.71069928526936
1499,502.2433474234036
1500,503.41819479892354
1501,503.9342043698881
1502,504.94158841915737
1503,503.9065535602994
1504,500.97839728384537
1505,502.1016084257984
1506,504.0395112112572
1507,501.0762297331615
1508,501.00123449353
1509,501.4571622236031
1510,502.2450455966218
1511,502.21968961152487
1512,499.03402552012375
1513,501.31959133800416
1514,502.5096762479864
1515,503.04490364341285
1516,500.2551215107159
1517,502.9085602460452
1518,504.6305196937655
1519,502.31101896552764
1520,500.4233073304163
1521,498.68830667828695
1522,503.7444158979893
1523,501.3321783603658
1524,503.1873668474212
1525,500.1979215246391
1526,502.187820202006
1527,498.24123707695315
1528,500.7741911686097
1529,500.7444748497777
1530,500.5181268762572
1531,500.4341493596113
1532,500.2985239432977
1533,501.3551237000384
1534,499.299075465706
1535,502.1020429403814
1536,501.11406950861345
1537,503.937110546206
1538,504.84856289375654
1539,498.45412554425275
1540,502.4532828833637
1541,501.9024707817479
1542,503.98982660233895
1543,502.89965554813375
1544,502.86881887118636
1545,505.78385844114774
1546,503.0014924351856
1547,503.0550881311263
1548,501.34313404871534
1549,501.45032777578734
1550,504.82123969418296
1551,502.9934173932774
1552,502.46121692765325
1553,502.54027454479433
1554,501.3876521376368
1555,500.06597365044445
1556,500.89836437458484
1557,501.15479255816643
1558,505.31024913382356
1559,500.45662404228574
1560,502.4396436306606
1561,502.10511864465036
1562,501.30299477771575
1563,501.67873290570805
1564,500.37749134295325
1565,500.7458294222347
1566,501.1969969924941
1567,501.24857720876076
1568,499.871337290829
1569,503.7452257953073
1570,501.9069327266624
1571,502.87895236769407
1572,502.73961646931366
1573,501.71909370896304
1574,504.1428600448179
1575,500.2783844220545
1576,501.75204178847633
1577,501.1919824793834
1578,500.8200562401605
1579,499.58527207184903
1580,502.75650883691986
1581,501.93665898041087
1582,498.10418550099894
1583,503.9117079671925
1584,499.98017186427364
1585,501.6415243931724
1586,501.13770321737127
1587,503.14384685864763
1588,500.7645931693826
1589,503.00759570536565
1590,503.6118667601327
1591,500.3819101749631
1592,502.574203804032
1593,501.8351892024148
1594,502.35107681414434
1595,503.1603844618749
1596,504.1227163531932
1597,500.0503013800328
1598,499.4677910448661
1599,500.5752022460119
1600,500.84109357822115
1601,502.17962373551813
1602,502.82765972058303
1603,504.0403855507601
1604,502.1178255244605
1605,501.15731436951523
1606,505.6424067866035
1607,500.9054507464581
1608,499.3555394983072
1609,499.4579973802271
1610,499.38521152228617
1611,500.89359869251723
1612,502.6250194578665
1613,501.81950345890897
1614,500.91140951434517
1615,503.5544492577118
1616,502.84142252613356
1617,500.0134915753307
1618,503.04942506084393
1619,505.3191611929907
1620,504.2633627415256
1621,503.6269882552235
1622,504.60632542271213
1623,499.93203682089387
1624,504.7184116825059
1625,501.3954224234181
1626,501.126773255957
1627,501.02048963824376
1628,503.12010138159667
1629,501.5218730429546
1630,504.4667772471017
1631,502.77774199139014
1632,503.18073721706725
1633,502.1780929520246
1634,501.6364968942012
1635,501.2889286283529
1636,499.00441375161796
1637,500.7709860637204
1638,502.3174923435323
1639,501.1136636547977
1640,501.82920649708956
1641,500.17629916671143
1642,501.85336027429344
1643,498.2250501695583
1644,502.6781390127372
1645,499.4545899926213
1646,501.26784795414125
1647,499.79098659027596
1648,504.82735589363557
1649,505.82305454046605
1650,501.42096111022363
1651,502.685544035564
1652,501.75956595941835
1653,501.0633334866581
1654,501.01471863343914
1655,502.0037225522186
1656,501.71555008349156
1657,503.2535207987388
1658,503.4204764078662
1659,500.6759716023981
1660,505.38777146558033
1661,497.54803926304277
1662,502.11695542729325
1663,502.3881075974343
1664,502.5645922655806
1665,501.13115944533706
1666,502.0947353914772
1667,501.49927726924676
1668,500.93551259124166
1669,500.70117074870495
1670,502.26189424331614
1671,502.71964225936125
1672,500.6218276451684
1673,500.31987272521775
1674,501.3173424852951
1675,501.88206786129666
1676,504.64526660560324
1677,500.68680687079194
1678,503.6882820308095
1679,503.77114129329175
1680,505.4141382383215
1681,501.6179134820406
1682,506.01101331434455
1683,501.5449017525408
1684,501.26719377379953
1685,501.9815401075855
1686,501.2317012112996
1687,499.401107424234
1688,500.0257929745927
1689,502.6887786899938
1690,503.2483172193934
1691,501.18109526449433
1692,498.374991221119
1693,503.60142009955325
1694,502.3660798674701
1695,499.2717740829254
1696,502.2171185689994
1697,500.3585814344691
1698,502.54800445140864
1699,503.92657532008195
1700,504.3275108968864
1701,501.07756818842273
1702,503.1913610193196
1703,500.14496230148706
1704,505.7089570339292
1705,501.8249971620104
1706,504.46544092887325
1707,501.1484872397285
1708,502.3973958644958
1709,501.16762316171327
1710,502.78011838630283
1711,504.2824413558094
1712,501.9960586920806
1713,501.97451161495513
1714,501.6212904292127
1715,501.6968359154993
1716,501.1875249244877
1717,503.25026352271186
1718,503.7575800300786
1719,500.98037385832504
1720,502.2947283881834
1721,505.0025339786063
1722,501.97228449483055
1723,505.5620088405796
1724,503.05524324559906
1725,503.0799243957879
1726,501.71181286328584
1727,503.22444553823345
1728,502.6455414106436
1729,502.9023990930034
1730,501.5016171691746
1731,503.97226730803504
1732,503.0108615604971
1733,500.5266410561529
1734,499.9931428002233
1735,501.90540965144623
1736,506.1064729481611
1737,500.8278757553342
1738,501.53533478374436
1739,502.76036587579773
1740,499.8058178787809
1741,503.5008454831587
1742,504.6897717413077
1743,497.8219261042828
1744,502.04975773386525
1745,503.4621385347136
1746,504.07571439273397
1747,500.9719489746254
1748,502.5973475376785
1749,499.4024960500425
1750,501.9683200950996
1751,504.19253953194897
1752,505.28934871237504
1753,501.5126310761823
1754,502.8304149574906
1755,501.5056653824858
1756,501.9214819508252
1757,503.87817462415285
1758,502.4796032618517
1759,501.1245359839019
1760,503.8015475304741
1761,499.74213640206085
1762,501.7050244484192
1763,501.05904978972825
1764,502.9407816435375
1765,499.52185724546223
1766,500.672326509589
1767,504.3443070138731
1768,502.33412884490343
1769,503.5968278051141
1770,501.55104683037786
1771,503.2535875511422
1772,500.1189637739391
1773,502.47790042993284
1774,503.5359208185703
1775,501.25805986725516
1776,504.0731799381418
1777,502.4585481348615
1778,502.73847320577255
1779,500.465720626473
1780,503.1021448646484
1781,503.6418007109405
1782,502.4937642883002
1783,499.97064241364643
1784,504.54500300781666
1785,501.978197264841
1786,502.02720242136996
1787,498.4590858093387
1788,503.2183061444513
1789,501.7997096582449
1790,499.6438199023063
1791,499.34558766601396
1792,501.6714099638414
1793,505.61488245077646
1794,503.08431072885446
1795,503.7979796266217
1796,501.58887049305423
1797,502.78991859452924
1798,500.8087966848616
1799,501.26585913562866
1800,501.5053290508312
1801,502.5837996326568
1802,503.74404399819326
1803,500.2333962442707
1804,502.797433423061
1805,502.7396582369851
1806,502.03237368434816
1807,497.8302619167935
1808,500.11274382030183
1809,503.20347192924834
1810,504.0277193476137
1811,501.37479922669974
1812,499.6005956804219
1813,502.77803324477964
1814,499.5104421774943
1815,501.2537135855306
1816,499.523719735672
1817,499.98616790419294
1818,504.6132303990689
1819,502.2101762623639
1820,501.40305994134735
1821,502.67624119551715
1822,499.4692568518836
1823,500.30180484451313
1824,504.4402767781667
1825,501.3520168534449
1826,500.04020875226144
1827,503.89369152347643
1828,500.54462076860204
1829,501.7608864152683
1830,502.39036381112356
1831,502.5527670867967
1832,501.1323644673538
1833,501.0872966322084
1834,500.6378354302523
1835,502.41295857782507
1836,500.8849225702834
1837,502.43525906356774
1838,503.3248812118906
1839,503.34586948380775
1840,503.73410999714
1841,500.20059260235496
1842,499.32962822736124
1843,500.75231995072465
1844,499.9575658823416
1845,498.47679381411484
1846,503.68989808141697
1847,501.23491813079204
1848,501.5468326921359
1849,504.5443641924343
1850,503.13953086276274
1851,504.5189543980355
1852,502.5700151947694
1853,499.0115172916578
1854,502.91056235762574
1855,505.6148768172926
1856,501.4607352144421
1857,503.33986331797166
1858,504.6621275795773
1859,500.7975396864167
1860,502.4556481494005
1861,503.9440165184081
1862,499.11974628266506
1863,501.13648087663114
1864,502.38818439113163
1865,502.8344165873995
1866,502.240834241163
1867,502.8202796282386
1868,501.87696784850914
1869,501.66191070081686
1870,505.22837672516516
1871,499.9286242379082
1872,499.5555818639816
1873,502.53370776821384
1874,504.79431973691123
1875,500.81690970696457
1876,502.0233791296497
1877,503.42828209773756
1878,501.6681146813762
1879,500.4216344404377
1880,503.7345494623679
1881,503.41768584745654
1882,503.6903235775136
1883,502.2451102624116
1884,499.5258759217455
1885,502.4756983251444
1886,503.55761002829996
1887,503.10629292100657
1888,503.5474305250141
1889,499.6508156112837
1890,500.73313319937
1891,500.84728550465087
1892,500.1414389819124
1893,503.3830387461094
1894,499.0722329345725
1895,501.14123077636845
1896,502.1030231074557
1897,501.287564523024
1898,500.0742604909123
1899,501.4038512149207
1900,500.74898118512795
1901,503.04899369269305
1902,502.6912982642296
1903,503.72741436177614
1904,499.52300727962705
1905,501.80269929554265
1906,502.87191862133994
1907,504.734510557492
1908,503.15019671556945
1909,503.9099842926138
1910,502.24264838747285
1911,500.78974080537927
1912,503.0532730458982
1913,498.2062978950609
1914,499.18180163126146
1915,502.660454081494
1916,501.89680735539173
1917,501.4308935114804
1918,500.5940687737786
1919,502.80273540210885
1920,503.0289085456211
1921,500.3564825783197
1922,503.0539969536371
1923,501.7861298805986
1924,502.98113399283216
1925,502.7914131511187
1926,502.84506169327403
1927,502.0410304989846
1928,503.40482565781286
1929,503.88082359359754
1930,501.9031214526569
1931,503.296656200906
1932,501.8597180742498
1933,499.93204419467423
1934,498.9575126282932
1935,501.37166466908405
1936,498.3707067392125
1937,499.99711657829215
1938,502.64689032231047
1939,502.9654062423734
1940,499.9216282114306
1941,499.3044792627109
1942,501.5449929378818
1943,501.7171232490716
1944,502.5432903872442
1945,505.5082052891426
1946,504.89297225790216
1947,500.00358665076214
1948,500.8816901592287
1949,501.3891671110169
1950,503.45547745472766
1951,503.68761087347343
1952,503.4016890816953
1953,502.2891700297738
1954,500.876637080304
1955,501.6577439753855
1956,501.6755309176006
1957,501.2492616643528
1958,501.97755496711517
1959,501.45025263676337
1960,501.7410423466768
1961,500.0617830546155
1962,501.5436854183899
1963,503.68968004054915
1964,499.68682426041124
1965,502.39338947500414
1966,502.30365895981316
1967,503.6439432006743
1968,501.6600743648763
1969,503.7312792400332
1970,500.7998080756766
1971,501.04143877337196
1972,501.81964643720033
1973,502.05464818203376
1974,499.55347768458455
1975,501.58224465511324
1976,499.4533730835123
1977,503.61111376886123
1978,501.85353853631653
1979,500.81718093646515
1980,499.28820655737763
1981,501.6303711396076
1982,501.6092857184436
1983,501.19687551885954
1984,499.16626312373626
1985,501.0378426792566
1986,499.9569910393531
1987,506.3309085971725
1988,499.8671470950384
1989,504.7869982804018
1990,500.67324320032554
1991,505.000933370728
1992,502.8115065356821
1993,500.4511680271341
1994,499.35176389654976
1995,503.128582736263
1996,503.3102124878058
1997,502.45352112740653
1998,501.9038803845112
1999,502.893678628004
